the-spark	01.png	https://cdn.myportfolio.com/b988ff31-cbc8-46b7-b2ba-224e1fa97e10/4f87f3e1-56b1-4956-9eeb-b6ec0e942f3a_rw_1920.png?h=1b06a1afe25e2bb48fc850cc23c512e1
the-spark	02.png	https://cdn.myportfolio.com/b988ff31-cbc8-46b7-b2ba-224e1fa97e10/3bc0e8e4-31af-4048-968e-df23b56a4ba6_rw_1920.png?h=10e8c3b07c347dde536994c1c08e5662
the-spark	03.png	https://cdn.myportfolio.com/b988ff31-cbc8-46b7-b2ba-224e1fa97e10/9cd1bec9-2c46-4ef1-a7b2-68cfd79a9edd_rw_1920.png?h=734a45b7d272a8a4d04013abf12b253b
the-spark	04.gif	https://cdn.myportfolio.com/b988ff31-cbc8-46b7-b2ba-224e1fa97e10/13eb1c10-7de8-4d3e-ae3a-293bcf0c402e_rw_1920.gif?h=df5ae6b0e3e35c6ea8363a0ac8c3bf45
the-spark	05.png	https://cdn.myportfolio.com/b988ff31-cbc8-46b7-b2ba-224e1fa97e10/c4a878d6-519a-451a-9df8-4d36b2193fc7_rw_1920.png?h=4725d135b77896ff072f6e7288fbb20a
the-spark	06.png	https://cdn.myportfolio.com/b988ff31-cbc8-46b7-b2ba-224e1fa97e10/c3b902ae-83a3-45df-911f-26e40bc9220f_rw_1920.png?h=159b6a32baef928d920403e6ef518f55
the-spark	07.png	https://cdn.myportfolio.com/b988ff31-cbc8-46b7-b2ba-224e1fa97e10/7d3b2a73-a64c-4351-ba84-de2b27002185_rw_1920.png?h=a6a4e2eace4aac222fb04d74e91ca778
coffee-fundraiser	01.png	https://cdn.myportfolio.com/b988ff31-cbc8-46b7-b2ba-224e1fa97e10/f6bfdf8b-84fb-4590-bae1-39b05a809766_rw_1920.png?h=3ee74f86d6e6e7d762735fd6725e25a7
coffee-fundraiser	02.png	https://cdn.myportfolio.com/b988ff31-cbc8-46b7-b2ba-224e1fa97e10/3ec3267c-c8a2-4757-adea-56db84b40b89_rw_1920.png?h=1367640ff347b000fdc30b762081ca31
coffee-fundraiser	03.png	https://cdn.myportfolio.com/b988ff31-cbc8-46b7-b2ba-224e1fa97e10/a96654f7-52f7-48a9-94c1-e1db0078814f_rw_1920.png?h=8ceec73c40f832d7d43a36d3d3795b28
coffee-fundraiser	04.png	https://cdn.myportfolio.com/b988ff31-cbc8-46b7-b2ba-224e1fa97e10/c8cc6936-f940-4015-b3de-75a281792ed1_rw_1920.png?h=40d7f7145c95488d4946a9ce2cd2cf72
coffee-fundraiser	05.png	https://cdn.myportfolio.com/b988ff31-cbc8-46b7-b2ba-224e1fa97e10/be36a932-6ff3-4ddc-ba7a-c8a5c502d613_rw_1920.png?h=6a7851844e95ca29654be84b2860deb9
drawing-paintings	01.jpg	https://cdn.myportfolio.com/b988ff31-cbc8-46b7-b2ba-224e1fa97e10/19f89acd-b04c-45db-9058-2e57a5418ef4_rw_1920.jpg?h=180cbd871a3db3c9e64af3111e28f20c
drawing-paintings	02.jpg	https://cdn.myportfolio.com/b988ff31-cbc8-46b7-b2ba-224e1fa97e10/e846a183-2b7d-4c5f-bef5-31e6227b5b5f_rw_1200.jpg?h=6a62c994ebad77c7d00d4c1f68cca4d8
drawing-paintings	03.png	https://cdn.myportfolio.com/b988ff31-cbc8-46b7-b2ba-224e1fa97e10/68922645-fe60-4d6a-b2af-ea12c573de3b_rw_3840.png?h=43c191ed0727a71775dcf5f6f86bf1ae
drawing-paintings	04.jpg	https://cdn.myportfolio.com/b988ff31-cbc8-46b7-b2ba-224e1fa97e10/fb5067f3-ef3d-4413-970f-859d4f51897d_rw_1920.jpg?h=fb7d6c3312e5927b9894d6766ee94fab
drawing-paintings	05.jpg	https://cdn.myportfolio.com/b988ff31-cbc8-46b7-b2ba-224e1fa97e10/aa0f090b-37e2-40ff-8a62-c9b92b7eead7_rw_1920.jpg?h=9a07605d029039d41b05f74f982ec723
drawing-paintings	06.jpg	https://cdn.myportfolio.com/b988ff31-cbc8-46b7-b2ba-224e1fa97e10/8c6b2d4f-0ddc-4c4b-84b7-e20a860b9b57_rw_1920.jpg?h=66f333de1795adb09935dbb7dad19209
drawing-paintings	07.jpg	https://cdn.myportfolio.com/b988ff31-cbc8-46b7-b2ba-224e1fa97e10/8fe9d3f0-d63d-4a79-8e80-43f18419af07_rw_1920.jpg?h=de3113d357afc015d3d475bf67e5f330
drawing-paintings	08.jpg	https://cdn.myportfolio.com/b988ff31-cbc8-46b7-b2ba-224e1fa97e10/c65ff9ae-fe8b-44b1-a8dc-07a951c2137d_rw_1920.jpg?h=84bb0c93a18c049a4e4252d6bc13502c
drawing-paintings	09.jpg	https://cdn.myportfolio.com/b988ff31-cbc8-46b7-b2ba-224e1fa97e10/caac70b8-7488-4bf9-9734-e2fb532d881e_rw_1920.jpg?h=36039ab7a3ddc9357239d01d1bfc2c86
drawing-paintings	10.jpg	https://cdn.myportfolio.com/b988ff31-cbc8-46b7-b2ba-224e1fa97e10/d2239a17-9e9a-4202-bb2f-47a6b8e4329b_rw_1920.jpg?h=97fe2557b870dd44532075a40fc9ac40
drawing-paintings	11.jpg	https://cdn.myportfolio.com/b988ff31-cbc8-46b7-b2ba-224e1fa97e10/80515dc5-d42e-47fe-b54b-11628d1193bf_rw_1920.jpg?h=7ba5b7b8a847a1b11d607e32070615d9
drawing-paintings	12.png	https://cdn.myportfolio.com/b988ff31-cbc8-46b7-b2ba-224e1fa97e10/af0184ca-ea35-4eba-add6-6bcc106d6134_rw_1920.png?h=a31ee29c4e1af41da97a7d2f410ea624
web-vyuka-jazyku	01.png	https://cdn.myportfolio.com/b988ff31-cbc8-46b7-b2ba-224e1fa97e10/88da39db-65cb-40b0-bd53-3091b4aa3255_rw_600.png?h=d0424e86374397529c9200de514814ae
web-vyuka-jazyku	02.png	https://cdn.myportfolio.com/b988ff31-cbc8-46b7-b2ba-224e1fa97e10/3573e51e-ad28-4a70-a671-e48a59235624_rw_1920.png?h=e11d92079d7165b0626d88859b441b4d
web-vyuka-jazyku	03.png	https://cdn.myportfolio.com/b988ff31-cbc8-46b7-b2ba-224e1fa97e10/1394f61b-475b-4de1-ab48-2eb182f47e2d_rw_1920.png?h=ed1a7b4127238ef4b4606098134cdc24
web-vyuka-jazyku	04.png	https://cdn.myportfolio.com/b988ff31-cbc8-46b7-b2ba-224e1fa97e10/7220804f-e6a9-4c0d-922e-5c58827217a2_rw_1920.png?h=5eed3a7bb1d69b1109ff19ae7e3c2ead
